kind,style,length,product_name,brand,price,audience,features,benefits,keywords,guidelines,variant,copy
Ad copy,persuasive,medium,EcoBottle 750ml,GreenSip,29.99,Busy professionals,BPA-free;Double-wall;Keeps cold 24h,Healthier hydration;No plastic taste;Less single-use waste,"eco, hydration, bottle, stainless",,V1,"Upgrade your hydration with the EcoBottle 750ml from GreenSip, priced at $29.99. This BPA-free, stainless steel bottle keeps your drinks cold for up to 24 hours, ensuring a refreshing experience without any plastic taste. Perfect for busy professionals, it also helps reduce single-use waste. Make a positive impact on the environment while staying hydrated. Order your EcoBottle 750ml today!"
Ad copy,persuasive,medium,EcoBottle 750ml,GreenSip,29.99,Busy professionals,BPA-free;Double-wall;Keeps cold 24h,Healthier hydration;No plastic taste;Less single-use waste,"eco, hydration, bottle, stainless",,V2,"Stay refreshed and eco-conscious with the EcoBottle 750ml from GreenSip, available for $29.99. This BPA-free, stainless steel bottle keeps your beverages cold for up to 24 hours, providing a clean taste without plastic. Ideal for busy professionals, it also contributes to reducing single-use waste. Choose a sustainable hydration solution today. Order your EcoBottle 750ml now!"
Ad copy,persuasive,medium,EcoBottle 750ml,GreenSip,29.99,Busy professionals,BPA-free;Double-wall;Keeps cold 24h,Healthier hydration;No plastic taste;Less single-use waste,"eco, hydration, bottle, stainless",,V3,"Discover the EcoBottle 750ml by GreenSip for just $29.99. Designed for busy professionals, this BPA-free stainless steel bottle keeps your drinks cold for up to 24 hours, free from plastic taste. By making this choice, you help minimize single-use waste and promote a healthier planet. Take the step towards better hydration. Order your EcoBottle 750ml today!"
Ad copy,persuasive,medium,EcoBottle 750ml,GreenSip,29.99,Busy professionals,BPA-free;Double-wall;Keeps cold 24h,Healthier hydration;No plastic taste;Less single-use waste,"eco, hydration, bottle, stainless",,V1,"Elevate your hydration with the EcoBottle 750ml from GreenSip, designed for busy professionals. Priced at $29.99, this BPA-free, stainless steel bottle keeps your drinks cold for up to 24 hours. Enjoy a healthier, plastic-free taste while reducing single-use waste. 

Make a positive impact on your hydration and the environment. Get your EcoBottle today!"
Ad copy,persuasive,medium,EcoBottle 750ml,GreenSip,29.99,Busy professionals,BPA-free;Double-wall;Keeps cold 24h,Healthier hydration;No plastic taste;Less single-use waste,"eco, hydration, bottle, stainless",,V2,"Stay refreshed with the EcoBottle 750ml by GreenSip, perfect for busy professionals. At $29.99, this BPA-free, stainless steel bottle maintains your drinks cold for up to 24 hours. Experience a cleaner taste without plastic and contribute to less single-use waste. 

Make a positive choice for your hydration and the planet. Order your EcoBottle today!"
Ad copy,persuasive,medium,EcoBottle 750ml,GreenSip,29.99,Busy professionals,BPA-free;Double-wall;Keeps cold 24h,Healthier hydration;No plastic taste;Less single-use waste,"eco, hydration, bottle, stainless",,V3,"Transform your hydration routine with the EcoBottle 750ml from GreenSip, ideal for busy professionals. For just $29.99, this BPA-free, stainless steel bottle keeps your drinks cold for 24 hours. Relish a healthier taste free from plastic and help reduce single-use waste. 

Take a step towards better hydration and sustainability. Purchase your EcoBottle today!"
